operation,prev_base,next_base,total,freq_at_t22,freq_at_t23,freq_at_t24,freq_at_t25,freq_at_t26,freq_at_t27,freq_at_t28,freq_at_t29,freq_at_t30,freq_at_t31,freq_at_t32
A>C,A,A,46,0,5,0,7,6,2,3,4,6,7,6
A>C,A,C,26,0,3,6,1,2,2,3,1,2,6,0
A>C,A,G,22,4,5,1,3,3,2,1,0,2,0,1
A>C,A,T,32,5,4,2,1,2,3,4,2,2,4,3
A>C,C,A,64,0,3,8,5,9,6,6,6,11,3,7
A>C,C,C,12,0,0,3,1,0,1,1,2,2,1,1
A>C,C,G,30,2,3,3,2,0,6,3,1,5,1,4
A>C,C,T,18,0,1,3,1,4,2,1,0,1,2,3
A>C,G,A,29,0,1,2,5,4,6,2,2,1,4,2
A>C,G,C,5,0,0,0,0,0,1,1,0,0,3,0
A>C,G,G,5,0,2,1,1,0,0,1,0,0,0,0
A>C,G,T,18,1,2,4,2,2,2,0,2,1,1,1
A>C,T,A,17,0,1,4,2,0,2,1,2,2,2,1
A>C,T,C,8,0,1,0,2,0,1,2,0,0,1,1
A>C,T,G,5,2,0,0,0,0,0,1,1,0,0,1
A>C,T,T,20,2,1,1,1,0,4,4,2,2,1,2
A>G,A,A,28,0,3,4,9,1,3,0,4,1,2,1
A>G,A,C,13,1,2,0,4,3,1,0,0,0,1,1
A>G,A,G,56,0,4,3,8,4,7,7,6,9,4,4
A>G,A,T,10,1,1,0,3,1,2,1,0,1,0,0
A>G,C,A,4,0,0,1,0,0,0,2,0,0,1,0
A>G,C,C,3,1,1,0,0,0,0,0,0,0,0,1
A>G,C,G,10,0,0,0,0,2,1,2,2,0,1,2
A>G,C,T,11,3,0,0,1,0,0,5,2,0,0,0
A>G,G,A,55,0,4,8,3,8,6,5,5,6,2,8
A>G,G,C,6,3,0,0,0,0,0,1,0,1,0,1
A>G,G,G,4,0,0,1,0,1,0,0,2,0,0,0
A>G,G,T,11,4,0,0,0,0,2,1,1,2,0,1
A>G,T,A,4,0,0,1,2,0,0,1,0,0,0,0
A>G,T,C,2,0,1,0,0,0,0,0,0,0,1,0
A>G,T,G,4,0,0,0,0,1,0,0,3,0,0,0
A>G,T,T,10,4,0,0,0,1,2,0,0,1,1,1
A>T,A,A,28,0,3,3,2,1,1,3,4,4,4,3
A>T,A,C,7,0,2,0,0,1,1,0,0,1,1,1
A>T,A,G,12,1,1,0,3,1,1,1,0,1,1,2
A>T,A,T,72,0,8,4,8,6,12,3,6,5,14,6
A>T,C,A,4,0,1,1,0,0,0,0,1,0,0,1
A>T,C,C,2,1,1,0,0,0,0,0,0,0,0,0
A>T,C,G,2,0,0,0,0,0,0,0,1,1,0,0
A>T,C,T,11,0,1,2,0,1,0,3,1,1,0,2
A>T,G,A,13,0,0,2,1,3,1,2,0,2,1,1
A>T,G,C,2,0,0,1,0,0,0,0,1,0,0,0
A>T,G,G,4,0,0,0,1,2,0,0,1,0,0,0
A>T,G,T,17,0,1,0,2,3,3,4,2,0,2,0
A>T,T,A,71,0,7,8,7,4,12,5,5,7,8,8
A>T,T,C,8,2,1,0,1,0,0,2,0,0,1,1
A>T,T,G,7,0,0,1,0,0,2,0,3,0,1,0
A>T,T,T,36,0,3,5,2,3,2,7,5,1,1,7
G>A,A,A,40,0,2,6,1,5,8,7,1,3,4,3
G>A,A,C,29,2,8,1,2,3,1,6,0,2,2,2
G>A,A,G,59,0,6,5,10,6,6,4,3,6,5,8
G>A,A,T,13,3,0,1,4,1,0,3,0,0,0,1
G>A,C,A,16,0,2,1,0,1,3,2,1,2,4,0
G>A,C,C,3,1,0,0,0,0,0,1,1,0,0,0
G>A,C,G,13,0,2,1,2,1,1,2,1,0,2,1
G>A,C,T,7,4,0,1,1,0,0,1,0,0,0,0
G>A,G,A,84,0,5,7,9,9,12,8,13,5,6,10
G>A,G,C,6,1,0,1,1,0,1,1,0,0,0,1
G>A,G,G,11,0,0,1,1,1,0,2,4,1,1,0
G>A,G,T,8,3,1,0,0,0,0,1,1,1,0,1
G>A,T,A,22,0,1,3,2,3,2,1,2,5,2,1
G>A,T,C,7,1,0,1,0,2,2,0,0,0,0,1
G>A,T,G,4,0,0,0,2,1,0,0,0,1,0,0
G>A,T,T,10,2,1,1,1,0,1,2,0,0,1,1
G>C,A,A,6,1,1,1,0,1,1,0,0,0,0,1
G>C,A,C,10,0,2,0,0,1,1,3,2,1,0,0
G>C,A,G,12,0,1,0,2,2,0,1,2,2,2,0
G>C,A,T,1,0,0,0,0,0,0,1,0,0,0,0
G>C,C,A,11,0,0,3,0,0,1,2,1,1,2,1
G>C,C,C,14,0,1,3,1,1,1,1,3,0,1,2
G>C,C,G,44,0,3,8,1,12,4,3,3,4,2,4
G>C,C,T,13,3,1,3,2,1,0,1,1,1,0,0
G>C,G,A,21,3,3,2,0,2,3,3,1,3,1,0
G>C,G,C,41,0,6,2,4,4,3,8,5,2,7,0
G>C,G,G,20,0,0,6,0,3,1,1,0,4,2,3
G>C,G,T,11,2,0,0,0,1,0,1,1,0,4,2
G>C,T,A,9,5,0,0,0,0,0,1,1,2,0,0
G>C,T,C,8,0,0,0,1,2,1,2,0,0,0,2
G>C,T,G,6,0,0,1,1,0,0,2,0,1,0,1
G>C,T,T,13,4,2,0,1,2,0,2,0,0,2,0
G>T,A,A,45,10,1,6,3,5,6,5,4,1,2,2
G>T,A,C,25,6,2,2,3,2,3,3,0,0,1,3
G>T,A,G,26,0,2,4,4,3,3,1,2,2,4,1
G>T,A,T,27,0,2,2,1,2,3,5,1,4,4,3
G>T,C,A,19,2,3,3,1,0,2,0,2,0,5,1
G>T,C,C,12,1,0,3,0,0,0,1,1,1,3,2
G>T,C,G,26,0,3,2,1,2,2,2,5,8,1,0
G>T,C,T,27,0,3,0,1,6,3,4,3,3,2,2
G>T,G,A,17,2,2,3,2,4,0,0,1,1,0,2
G>T,G,C,12,3,0,2,0,1,0,1,0,0,3,2
G>T,G,G,12,0,1,0,0,1,2,3,0,2,0,3
G>T,G,T,76,0,4,7,5,8,6,12,19,4,7,4
G>T,T,A,41,6,4,6,3,3,1,3,5,4,4,2
G>T,T,C,21,2,3,2,1,5,0,0,0,0,5,3
G>T,T,G,61,0,10,12,6,6,11,2,1,6,3,4
G>T,T,T,41,0,5,6,2,6,4,2,6,3,4,3
C>A,A,A,36,0,2,4,5,0,4,3,7,5,2,4
C>A,A,C,90,0,9,11,9,10,4,11,9,8,7,12
C>A,A,G,33,9,6,2,2,1,0,3,3,3,2,2
C>A,A,T,21,2,3,3,0,2,1,2,1,4,2,1
C>A,C,A,52,0,2,6,8,2,6,5,5,4,4,10
C>A,C,C,20,0,4,1,1,2,2,1,1,2,1,5
C>A,C,G,30,4,3,1,1,6,3,2,1,5,2,2
C>A,C,T,31,4,2,3,4,1,3,2,2,3,1,6
C>A,G,A,21,0,1,3,4,1,2,3,2,1,0,4
C>A,G,C,23,0,1,2,3,2,2,2,5,2,2,2
C>A,G,G,20,1,3,0,0,3,2,2,1,2,5,1
C>A,G,T,36,7,3,5,3,1,4,2,3,2,3,3
C>A,T,A,41,0,4,5,1,7,5,5,5,3,3,3
C>A,T,C,22,0,5,1,3,0,0,1,2,3,4,3
C>A,T,G,18,5,5,0,1,0,3,0,1,1,0,2
C>A,T,T,27,5,0,3,3,4,1,0,4,3,3,1
C>G,A,A,11,10,1,0,0,0,0,0,0,0,0,0
C>G,A,C,7,0,0,1,2,0,0,1,1,0,2,0
C>G,A,G,2,0,0,0,1,1,0,0,0,0,0,0
C>G,A,T,4,1,0,1,1,0,0,1,0,0,0,0
C>G,C,A,6,0,1,0,1,0,0,0,0,1,3,0
C>G,C,C,5,0,0,1,0,0,1,0,1,0,1,1
C>G,C,G,36,0,1,5,4,2,2,2,3,5,6,6
C>G,C,T,20,9,1,0,3,0,4,0,0,1,0,2
C>G,G,A,8,1,1,0,1,1,0,1,0,1,1,1
C>G,G,C,45,0,4,4,2,2,4,9,4,4,8,4
C>G,G,G,14,0,1,0,2,1,0,1,3,1,2,3
C>G,G,T,14,3,1,0,0,3,2,1,1,1,2,0
C>G,T,A,6,1,1,1,0,0,0,0,0,0,0,3
C>G,T,C,10,0,0,1,1,0,0,1,2,1,3,1
C>G,T,G,8,0,1,0,0,0,0,1,0,1,2,3
C>G,T,T,4,1,0,1,1,0,0,1,0,0,0,0
C>T,A,A,7,2,0,1,0,0,0,1,1,2,0,0
C>T,A,C,5,0,0,1,0,1,1,0,0,0,1,1
C>T,A,G,5,2,1,0,0,0,0,0,0,0,1,1
C>T,A,T,8,0,0,1,2,0,0,0,0,1,3,1
C>T,C,A,12,2,0,2,1,0,2,0,0,2,1,2
C>T,C,C,10,0,2,0,0,3,0,2,0,1,1,1
C>T,C,G,14,4,0,0,1,1,0,0,3,2,3,0
C>T,C,T,42,0,3,5,9,6,2,1,4,4,3,5
C>T,G,A,3,1,0,0,0,1,0,1,0,0,0,0
C>T,G,C,8,0,2,0,1,0,0,1,2,1,1,0
C>T,G,G,4,2,1,0,0,1,0,0,0,0,0,0
C>T,G,T,19,0,2,1,3,4,1,0,2,2,1,3
C>T,T,A,31,1,6,1,2,3,3,3,1,2,4,5
C>T,T,C,84,0,14,10,14,6,3,6,6,9,4,12
C>T,T,G,14,2,2,1,2,0,3,1,2,0,1,0
C>T,T,T,50,0,5,5,6,3,8,9,1,7,3,3
T>A,A,A,35,0,4,9,3,4,2,5,4,1,3,0
T>A,A,C,26,3,3,2,2,2,1,7,2,1,2,1
T>A,A,G,18,2,1,0,1,2,2,0,2,3,3,2
T>A,A,T,67,0,2,10,5,6,2,9,10,4,10,9
T>A,C,A,7,0,0,3,0,0,0,1,1,0,1,1
T>A,C,C,1,0,0,0,0,1,0,0,0,0,0,0
T>A,C,G,4,1,1,0,0,0,0,0,1,1,0,0
T>A,C,T,11,0,1,0,1,2,2,0,3,1,1,0
T>A,G,A,7,0,0,0,0,2,0,0,1,0,1,3
T>A,G,C,2,0,0,0,1,0,0,1,0,0,0,0
T>A,G,G,4,1,0,0,0,0,2,0,0,0,0,1
T>A,G,T,14,0,1,3,1,2,1,3,0,1,2,0
T>A,T,A,61,0,6,5,7,5,7,9,3,3,10,6
T>A,T,C,6,0,1,1,0,2,0,0,1,0,0,1
T>A,T,G,8,1,0,0,0,3,0,0,1,0,3,0
T>A,T,T,20,0,4,3,1,3,1,3,1,1,0,3
T>C,A,A,9,2,1,1,1,0,1,1,1,0,0,1
T>C,A,C,8,0,0,2,1,0,1,0,1,0,1,2
T>C,A,G,4,0,1,0,0,1,1,0,1,0,0,0
T>C,A,T,12,0,1,0,2,3,0,1,3,1,1,0
T>C,C,A,7,1,0,1,0,1,1,1,1,1,0,0
T>C,C,C,14,0,2,0,0,1,0,1,4,1,2,3
T>C,C,G,18,3,1,1,3,1,2,1,0,2,1,3
T>C,C,T,48,0,4,3,10,4,4,6,6,5,4,2
T>C,G,A,1,0,0,0,0,0,1,0,0,0,0,0
T>C,G,C,6,0,0,1,1,1,1,0,0,1,0,1
T>C,G,G,3,0,0,0,0,1,1,0,1,0,0,0
T>C,G,T,10,0,3,2,0,1,0,3,0,0,1,0
T>C,T,A,3,0,0,0,0,0,0,0,0,2,0,1
T>C,T,C,46,0,6,2,4,9,5,5,1,3,5,6
T>C,T,G,9,3,1,4,0,0,0,0,1,0,0,0
T>C,T,T,18,0,1,0,3,4,1,2,1,1,3,2
T>G,A,A,23,5,4,0,1,1,1,3,2,4,2,0
T>G,A,C,12,1,3,0,2,0,0,0,2,0,4,0
T>G,A,G,20,0,2,2,1,3,1,0,4,3,3,1
T>G,A,T,23,0,2,4,3,1,2,4,1,1,3,2
T>G,C,A,6,1,0,2,0,0,0,0,0,3,0,0
T>G,C,C,12,2,1,1,1,1,2,2,0,1,1,0
T>G,C,G,24,0,0,5,5,2,1,2,2,3,2,2
T>G,C,T,22,0,1,1,2,5,3,1,1,3,5,0
T>G,G,A,12,1,0,3,1,2,0,0,2,1,1,1
T>G,G,C,16,3,2,3,2,0,0,1,0,2,0,3
T>G,G,G,11,0,0,0,4,2,0,2,1,1,0,1
T>G,G,T,40,0,3,1,4,5,6,7,3,3,3,5
T>G,T,A,17,1,2,1,1,0,1,4,0,4,1,2
T>G,T,C,29,5,4,2,4,2,5,2,1,1,3,0
T>G,T,G,72,0,13,6,10,5,5,6,11,6,3,7
T>G,T,T,45,0,3,4,4,6,5,5,5,5,4,4
->A,A,A,1657,0,98,151,186,180,204,167,159,190,178,144
->A,A,C,2004,182,188,187,185,183,163,212,202,159,180,163
->A,A,G,1601,136,158,129,144,147,169,134,149,129,166,140
->A,A,T,1379,88,125,133,117,152,129,121,130,127,124,133
->A,C,A,72,0,2,10,11,8,11,4,6,8,7,5
->A,C,C,112,5,10,10,7,6,16,17,8,10,13,10
->A,C,G,150,12,14,10,15,13,13,14,15,14,16,14
->A,C,T,101,10,7,11,9,9,8,5,7,10,12,13
->A,G,A,87,0,5,12,7,2,13,4,8,7,19,10
->A,G,C,101,9,7,19,8,9,1,11,6,9,10,12
->A,G,G,75,12,5,4,10,8,16,9,3,3,1,4
->A,G,T,114,17,10,11,11,8,7,10,11,11,11,7
->A,T,A,103,0,3,11,13,14,8,8,8,10,15,13
->A,T,C,103,16,9,11,5,2,11,12,9,5,11,12
->A,T,G,101,18,9,11,13,8,9,9,2,5,10,7
->A,T,T,136,8,12,15,10,9,16,16,9,17,16,8
->C,A,A,179,13,18,15,18,16,24,16,15,14,19,11
->C,A,C,98,0,8,10,21,7,9,7,9,11,9,7
->C,A,G,138,16,17,9,9,10,16,12,20,9,6,14
->C,A,T,131,18,15,13,12,10,12,13,8,12,8,10
->C,C,A,710,55,60,74,63,69,68,71,48,67,67,68
->C,C,C,639,0,60,65,66,75,75,60,75,61,46,56
->C,C,G,804,72,88,85,72,66,92,49,68,79,54,79
->C,C,T,814,71,58,77,70,73,57,82,75,94,73,84
->C,G,A,144,12,11,10,19,13,10,12,18,16,13,10
->C,G,C,95,0,2,11,10,11,13,3,11,13,12,9
->C,G,G,139,9,12,15,15,12,9,10,15,12,16,14
->C,G,T,210,22,18,13,12,25,24,22,21,18,22,13
->C,T,A,90,11,6,8,12,3,10,8,8,7,6,11
->C,T,C,88,0,6,10,10,12,10,7,10,13,2,8
->C,T,G,89,11,10,12,4,7,9,4,5,13,4,10
->C,T,T,165,14,14,24,20,15,14,7,17,14,11,15
->G,A,A,169,17,15,20,10,16,17,16,15,11,21,11
->G,A,C,117,13,13,11,16,5,8,9,14,9,13,6
->G,A,G,103,0,6,10,12,10,12,14,13,8,12,6
->G,A,T,120,8,11,14,12,14,8,15,14,8,10,6
->G,C,A,96,14,7,8,9,5,10,6,17,3,5,12
->G,C,C,69,7,7,7,4,6,8,9,8,2,5,6
->G,C,G,141,0,12,14,16,14,14,16,8,18,12,17
->G,C,T,149,17,19,16,14,12,16,12,14,7,12,10
->G,G,A,962,93,101,87,105,79,86,85,91,80,75,80
->G,G,C,824,79,80,79,75,68,70,80,65,74,68,86
->G,G,G,513,0,42,45,51,50,52,66,50,51,52,54
->G,G,T,759,67,78,69,63,84,54,72,56,64,81,71
->G,T,A,133,14,10,15,9,14,14,17,14,8,7,11
->G,T,C,119,5,16,12,10,13,10,11,10,6,11,15
->G,T,G,97,0,8,4,19,9,12,3,12,11,8,11
->G,T,T,157,8,12,18,14,12,17,16,8,18,15,19
->T,A,A,200,12,17,20,18,14,20,17,20,18,27,17
->T,A,C,122,13,16,18,4,8,12,10,10,8,13,10
->T,A,G,145,11,14,12,14,10,9,11,15,13,21,15
->T,A,T,102,0,10,8,7,11,14,8,18,5,6,15
->T,C,A,84,5,10,7,11,5,5,14,5,7,4,11
->T,C,C,75,9,4,5,3,7,11,4,6,5,10,11
->T,C,G,110,10,6,11,11,11,15,5,6,12,12,11
->T,C,T,85,0,7,7,5,14,6,8,12,7,8,11
->T,G,A,120,9,14,10,13,7,15,11,8,13,9,11
->T,G,C,78,13,9,7,7,2,4,6,5,13,6,6
->T,G,G,77,4,9,9,12,6,5,6,7,6,5,8
->T,G,T,98,0,8,11,6,12,13,8,6,9,11,14
->T,T,A,2304,205,172,205,202,254,204,185,230,210,220,217
->T,T,C,1578,127,148,163,148,151,120,151,172,121,142,135
->T,T,G,1039,89,109,87,96,87,111,82,84,92,90,112
->T,T,T,1485,0,80,131,127,172,154,166,172,171,156,156
A>-,A,C,1041,53,118,93,75,121,93,103,76,108,97,104
A>-,A,G,1450,62,128,115,147,139,145,153,128,117,149,167
A>-,A,T,1469,109,140,127,157,150,148,148,127,136,81,146
A>-,C,C,128,8,14,8,9,16,16,11,12,14,10,10
A>-,C,G,261,17,19,16,18,24,33,24,24,29,30,27
A>-,C,T,271,12,27,32,31,18,29,25,27,23,16,31
A>-,G,C,132,10,10,13,11,10,23,13,9,9,11,13
A>-,G,G,191,9,16,23,21,21,14,18,19,17,16,17
A>-,G,T,267,13,31,25,25,29,29,25,21,18,27,24
A>-,T,C,134,7,23,10,3,17,11,14,16,15,12,6
A>-,T,G,113,5,8,6,11,15,16,16,9,9,10,8
A>-,T,T,251,16,19,30,25,17,28,23,18,23,22,30
C>-,A,A,280,22,16,32,34,20,25,22,28,25,33,23
C>-,A,G,171,10,13,19,19,17,16,23,17,10,14,13
C>-,A,T,207,11,12,15,18,17,25,28,17,23,20,21
C>-,C,A,814,42,67,72,64,61,85,79,79,108,79,78
C>-,C,G,1071,62,96,122,103,95,128,85,105,101,104,70
C>-,C,T,884,66,95,84,90,71,85,70,82,77,93,71
C>-,G,A,221,18,17,22,16,19,20,27,24,16,18,24
C>-,G,G,184,16,20,17,23,13,15,19,9,20,17,15
C>-,G,T,309,20,18,26,24,36,27,33,36,27,29,33
C>-,T,A,308,19,33,22,22,33,41,23,42,32,23,18
C>-,T,G,195,17,22,15,19,16,19,9,24,18,18,18
C>-,T,T,292,14,18,27,28,31,27,28,33,32,26,28
G>-,A,A,325,19,16,25,28,34,33,42,38,31,31,28
G>-,A,C,314,24,31,27,26,29,41,24,27,23,33,29
G>-,A,T,226,9,24,25,31,15,23,23,14,24,19,19
G>-,C,A,158,14,14,20,9,12,21,14,6,16,11,21
G>-,C,C,165,10,16,18,10,17,16,13,17,21,11,16
G>-,C,T,184,9,16,12,16,24,13,14,16,25,20,19
G>-,G,A,1064,65,51,128,119,100,95,93,115,90,102,106
G>-,G,C,994,81,89,87,69,106,56,81,111,102,110,102
G>-,G,T,674,38,63,58,34,69,55,74,86,63,76,58
G>-,T,A,332,31,29,29,23,29,34,33,24,42,25,33
G>-,T,C,210,10,11,17,23,27,17,14,18,16,29,28
G>-,T,T,282,20,27,23,19,29,30,34,40,8,24,28
T>-,A,A,251,11,14,23,28,23,30,23,26,29,21,23
T>-,A,C,284,23,26,22,27,35,23,33,26,23,16,30
T>-,A,G,268,19,31,23,24,23,29,16,18,31,30,24
T>-,C,A,93,5,3,16,6,5,9,10,7,12,11,9
T>-,C,C,147,7,18,12,15,12,16,11,11,21,9,15
T>-,C,G,279,17,27,27,23,22,22,20,27,32,30,32
T>-,G,A,116,6,13,18,14,6,9,9,11,11,12,7
T>-,G,C,159,13,12,16,14,15,20,16,8,15,16,14
T>-,G,G,126,3,17,15,17,4,10,12,9,13,13,13
T>-,T,A,905,40,58,88,105,75,96,112,85,74,86,86
T>-,T,C,1328,85,150,111,116,110,159,123,121,116,102,135
T>-,T,G,1310,84,143,137,138,109,107,98,129,130,123,112
